{
    "RootObject": {
        "m_shapeType": {
            "Value": 0,
            "Type": 1,
            "Size": 4
        },
        "m_transform": {
            "Value": [
                0.8431745767593384,
                0.0,
                0.0,
                0.0,
                0.0,
                1.0228756666183472,
                0.0,
                0.0,
                0.0,
                0.0,
                0.8619576692581177,
                0.0,
                0.0,
                -0.32977890968322754,
                0.0,
                1.0
            ],
            "Type": 8,
            "Size": 64
        },
        "m_motionType": {
            "Value": 0,
            "Type": 1,
            "Size": 4
        },
        "m_friction": {
            "Value": 0.20000000298023224,
            "Type": 2,
            "Size": 4
        },
        "m_restitution": {
            "Value": 0.0,
            "Type": 2,
            "Size": 4
        },
        "m_linearDamping": {
            "Value": 0.05000000074505806,
            "Type": 2,
            "Size": 4
        },
        "m_angularDamping": {
            "Value": 0.05000000074505806,
            "Type": 2,
            "Size": 4
        }
    }
}
