{
    "RootObject": {
        "m_shapeType": {
            "Value": 3,
            "Type": 1,
            "Size": 4
        },
        "m_transform": {
            "Value": [
                0.7097960114479065,
                0.0,
                0.0,
                0.0,
                0.0,
                1.0,
                0.0,
                0.0,
                0.0,
                0.0,
                0.7336909770965576,
                0.0,
                0.023865461349487305,
                0.49800199270248413,
                0.01608186960220337,
                1.0
            ],
            "Type": 8,
            "Size": 64
        },
        "m_motionType": {
            "Value": 2,
            "Type": 1,
            "Size": 4
        },
        "m_friction": {
            "Value": 0.20000000298023224,
            "Type": 2,
            "Size": 4
        },
        "m_restitution": {
            "Value": 0.0,
            "Type": 2,
            "Size": 4
        },
        "m_linearDamping": {
            "Value": 0.05000000074505806,
            "Type": 2,
            "Size": 4
        },
        "m_angularDamping": {
            "Value": 0.05000000074505806,
            "Type": 2,
            "Size": 4
        }
    }
}
