{
    "RootObject": {
        "m_name": {
            "Value": "New Info",
            "Type": 3,
            "Size": 40
        },
        "m_color": {
            "Value": [
                0.2382790893316269,
                0.4048539102077484,
                0.5714285373687744,
                5.0
            ],
            "Type": 7,
            "Size": 16
        },
        "m_numbers": {
            "Value": [
                0,
                0,
                0,
                0,
                0
            ],
            "Type": 14,
            "Size": 32
        }
    }
}
